-- phpMyAdmin SQL Dump
-- version 4.5.4.1deb2ubuntu2
-- http://www.phpmyadmin.net
--
-- Host: localhost
-- Generation Time: Nov 23, 2017 at 10:13 PM
-- Server version: 5.7.20-0ubuntu0.16.04.1
-- PHP Version: 7.0.22-0ubuntu0.16.04.1

SET SQL_MODE = "NO_AUTO_VALUE_ON_ZERO";
SET time_zone = "+00:00";


/*!40101 SET @OLD_CHARACTER_SET_CLIENT=@@CHARACTER_SET_CLIENT */;
/*!40101 SET @OLD_CHARACTER_SET_RESULTS=@@CHARACTER_SET_RESULTS */;
/*!40101 SET @OLD_COLLATION_CONNECTION=@@COLLATION_CONNECTION */;
/*!40101 SET NAMES utf8mb4 */;

--
-- Database: `carreservation`
--

-- --------------------------------------------------------

--
-- Table structure for table `cars`
--

CREATE TABLE `cars` (
  `carId` int(11) NOT NULL,
  `PlateLicense` varchar(10) NOT NULL,
  `Color` varchar(20) DEFAULT NULL,
  `CarTypeId` int(200) NOT NULL,
  `RegisterDate` date DEFAULT NULL,
  `Price` int(11) DEFAULT NULL,
  `Brand` varchar(20) DEFAULT NULL,
  `Generation` varchar(30) NOT NULL,
  `serial` varchar(30) NOT NULL,
  `PurchaseYear` int(5) DEFAULT NULL,
  `Seat` int(11) DEFAULT NULL,
  `CarMiles` int(15) NOT NULL DEFAULT '0',
  `itemLabel` varchar(20) DEFAULT NULL,
  `DriverId` int(200) NOT NULL,
  `fuel` varchar(20) NOT NULL,
  `depID` int(11) NOT NULL,
  `OpenReserve` int(1) DEFAULT '1',
  `Description` text
) ENGINE=InnoDB DEFAULT CHARSET=utf8;

--
-- Dumping data for table `cars`
--

INSERT INTO `cars` (`carId`, `PlateLicense`, `Color`, `CarTypeId`, `RegisterDate`, `Price`, `Brand`, `Generation`, `serial`, `PurchaseYear`, `Seat`, `CarMiles`, `itemLabel`, `DriverId`, `fuel`, `depID`, `OpenReserve`, `Description`) VALUES
(23, '4กย 7904', 'เทา', 1, '2016-02-03', 1665000, 'โตโยต้า', 'Camry', 'MR053CK5004017775', 2016, 7, 0, '2ARU210598', 0, 'เบนซิน-ไฟฟ้า', 1, 1, 'มีรอยบุบใกล้ล้อหน้าข้างขวา'),
(27, '4กย 7893', 'ดำ', 1, '2016-02-03', 1050000, 'โตโยต้า', 'HILUX REVO', '1GD4053435', 2558, 7, 0, '59A0300002', 0, 'เบนซิน-ไฟฟ้า', 1, 1, 'รถเคยชน'),
(28, 'ฒพ 2465', 'แดง', 2, '2012-08-29', 595000, 'โตโยต้า', 'ไฮลักซ์วีโก้ แชมป์ ', '2KD-S107623', 2012, 4, 0, '55A0300007', 0, 'ดีเซล', 3, 1, NULL),
(29, 'ฮพ 6971', 'ขาว', 3, '2012-06-27', 1534915, 'โตโยต้า', ' เวนจูรี่ 2.7 V', '2TR-8417484', 2012, 14, 0, '55A0300006  ', 0, 'เบนซิน', 1, 1, NULL),
(30, '41 6954', 'ขาว ส้ม', 4, '2015-02-11', 3478250, 'HINO', ' FC9JLLA', 'J05ETCH18634', 2014, 30, 0, '57A0300101', 0, 'ดีเซล', 0, 1, 'ต้องเปลี่ยนล้อภายในสิ้นปีนี้'),
(31, '41 6955', 'ขาว ส้ม', 4, '2015-02-11', 3478250, 'HINO', 'FC9JLLA', 'J05ETCH18633', 2014, 30, 0, '57A0300102', 0, 'ดีเซล', 0, 1, ''),
(34, 'ฮข 8211', 'ขาว-น้ำตาล', 3, '2006-02-27', 1468000, 'โตโยต้า', 'Ventury 2.7', 'JTFRX13P908000556', 2005, 14, 0, '49A030001', 0, 'เบนซิน', 0, 1, NULL),
(35, 'ฮข 448', NULL, 3, NULL, NULL, NULL, '', '', NULL, 14, 0, NULL, 0, '', 0, 1, NULL),
(36, 'ฒพ 2462', NULL, 2, NULL, NULL, NULL, '', '', NULL, 4, 0, NULL, 0, '', 3, 1, NULL),
(37, '3ท 1384', 'ขาว', 2, '1992-08-10', 200, 'อิซูซุ', 'TFR54HB', 'TFR54HA-9618692', 1992, 2, 0, '3318350002', 0, 'ไฟฟ้า', 3, 1, 'รอทำสีใหม่'),
(38, 'ญส 1172', 'บรอนซ์ทอง', 2, '0000-00-00', 230000, 'โตโยต้า', 'tty-7852', '2012G50A', 2012, 4, 0, '12PLOA320', 22, 'ดีเซล', 2, 1, 'สีกระโปรงถลอกเป็นแนวยาว '),
(39, 'ถต 7111', NULL, 2, NULL, NULL, NULL, '', '', NULL, 4, 0, NULL, 0, '', 2, 1, NULL),
(40, 'วน 9302', 'บรอนซ์เงิน', 2, '2002-07-23', 750000, 'นิสสัน', 'Frontier Double Cab', 'ZD30-014293W', 2002, 4, 0, '3322-450-0001', 0, 'ดีเซล', 0, 1, NULL),
(41, 'ฌร 7912', NULL, 1, NULL, NULL, NULL, '', '', NULL, 7, 0, NULL, 0, '', 0, 1, NULL),
(43, 'งล 1234', 'แดง', 1, '2017-07-04', 5000000, 'มาสด้า', 'mzd-963201', '851a252A', 2017, 7, 0, '60A56002', 22, 'ไฟฟ้า', 4, 0, 'ไม่เปิดจอง ใช้ได้แค่ 3 ชั่วโมงเครื่องดับ'),
(45, 'ฮย 448', 'เทา', 4, '2016-08-29', 1440006, 'โตโยต้า', 'Commuter', '2 KD -A217571', 2556, 12, 0, '56A0300004', 22, 'ดีเซล', 3, 1, 'ส่วนกลางเท่านั้น'),
(62, '11 1111', 'ชมพู', 0, '2017-09-12', 200, 'นิสสัน', 'เมเซเดสเบนซ์ cla24', '123 ปลาฉลามขึ้นบก', 2011, 2000, 0, '123', 0, 'นมโรโบวิตาเอ', 0, 0, 'พังงงงง'),
(65, 'ดด 1234', 'ชมพู', 4, '2017-11-13', 5000, 'อิซูซุ', '123', '123', 2017, 30, 0, '60ฟหด', 5500, 'ไฟฟ้า', 2, 1, 'ทำสีใหม่');

-- --------------------------------------------------------

--
-- Table structure for table `cartype`
--

CREATE TABLE `cartype` (
  `CarTypeId` int(200) NOT NULL,
  `CarType` varchar(200) NOT NULL,
  `Color` varchar(10) NOT NULL
) ENGINE=InnoDB DEFAULT CHARSET=utf8;

--
-- Dumping data for table `cartype`
--

INSERT INTO `cartype` (`CarTypeId`, `CarType`, `Color`) VALUES
(1, 'เก๋ง', '#ea8066'),
(2, 'กระบะ', '#ffad05'),
(3, 'ตู้', '#c5d74a'),
(4, 'ไมโครบัส', '#79e5c1');

-- --------------------------------------------------------

--
-- Table structure for table `cost`
--

CREATE TABLE `cost` (
  `CostId` int(11) NOT NULL,
  `CarTypeId` int(11) NOT NULL,
  `TimeStart` datetime NOT NULL,
  `TimeEnd` datetime NOT NULL,
  `CostPerHour` int(11) NOT NULL
) ENGINE=InnoDB DEFAULT CHARSET=utf8;

--
-- Dumping data for table `cost`
--

INSERT INTO `cost` (`CostId`, `CarTypeId`, `TimeStart`, `TimeEnd`, `CostPerHour`) VALUES
(1, 1, '2017-09-18 06:00:00', '2017-09-18 15:00:00', 100),
(2, 2, '2017-09-18 08:00:00', '2017-09-18 12:00:00', 150),
(3, 3, '2017-09-18 07:00:00', '2017-09-18 17:00:00', 300),
(4, 4, '2017-09-18 13:00:00', '2017-09-18 20:00:00', 1000);

-- --------------------------------------------------------

--
-- Table structure for table `currentreservation`
--

CREATE TABLE `currentreservation` (
  `CurrentId` int(11) NOT NULL,
  `carId` int(11) NOT NULL,
  `DriverId` int(11) NOT NULL DEFAULT '0',
  `EmployeeCode` int(11) NOT NULL,
  `depID` int(11) NOT NULL,
  `StartDate` datetime NOT NULL,
  `EndDate` datetime NOT NULL,
  `Place` varchar(200) NOT NULL,
  `Accept` tinyint(1) NOT NULL DEFAULT '0',
  `Tel` varchar(15) DEFAULT NULL,
  `Departure` datetime DEFAULT NULL,
  `CarMilesStart` int(6) DEFAULT NULL,
  `Remark` text
) ENGINE=InnoDB DEFAULT CHARSET=utf8;

--
-- Dumping data for table `currentreservation`
--

INSERT INTO `currentreservation` (`CurrentId`, `carId`, `DriverId`, `EmployeeCode`, `depID`, `StartDate`, `EndDate`, `Place`, `Accept`, `Tel`, `Departure`, `CarMilesStart`, `Remark`) VALUES
(115, 31, 0, 2045, 0, '2017-05-10 01:00:00', '2017-05-11 05:00:00', 'เชียงราย', 0, NULL, NULL, NULL, NULL),
(116, 30, 0, 3333, 0, '2017-05-31 02:00:00', '2017-05-31 05:00:00', 'แพร่\r\n', 0, NULL, NULL, NULL, NULL),
(118, 35, 22, 2045, 0, '2017-05-01 05:00:00', '2017-05-01 08:00:00', 'วัดพระศรีรัตนศาสดาราม', 0, NULL, NULL, NULL, NULL),
(120, 39, 0, 0, 0, '2017-05-17 10:00:00', '2017-05-17 18:00:00', 'สีลม', 0, NULL, NULL, NULL, NULL),
(121, 41, 0, 2045, 0, '2017-05-17 05:00:00', '2017-05-17 07:00:00', 'ลำปาง', 0, NULL, NULL, NULL, NULL),
(122, 33, 0, 3333, 3, '2017-05-28 10:00:00', '2017-05-28 13:00:00', 'ลำพูน', 0, NULL, NULL, NULL, NULL),
(123, 34, 0, 2045, 3, '2017-05-09 10:00:00', '2017-05-09 15:00:00', 'พะเยา', 0, NULL, NULL, NULL, NULL),
(124, 41, 0, 3333, 0, '2017-05-20 05:00:00', '2017-05-20 10:00:00', 'นครสวรรค์', 0, NULL, NULL, NULL, NULL),
(125, 35, 0, 0, 0, '2017-05-20 07:00:00', '2017-05-20 12:00:00', 'ชัยนาท', 0, NULL, NULL, NULL, NULL),
(127, 31, 0, 3333, 0, '2017-05-20 09:00:00', '2017-05-20 18:00:00', 'จันทบุรี', 0, NULL, NULL, NULL, NULL),
(128, 37, 0, 2045, 0, '2017-05-20 07:00:00', '2017-05-20 09:00:00', 'บ้านพี่ต้น จักรพันธ์', 0, '', NULL, NULL, NULL),
(129, 33, 0, 2045, 3, '2017-09-14 08:00:00', '2017-09-14 15:00:00', 'สวนสัตว์เปิดเขาเขียว', 0, '0925325543', NULL, NULL, NULL),
(130, 35, 0, 1234, 3, '2017-05-22 18:00:00', '2017-05-22 22:00:00', 'กระบี่', 0, NULL, NULL, NULL, NULL),
(132, 34, 22, 1234, 0, '2017-05-22 03:00:00', '2017-05-22 17:00:00', 'ภูเก็ต', 0, NULL, NULL, NULL, NULL),
(133, 40, 0, 3333, 0, '2017-05-31 03:00:00', '2017-05-31 07:00:00', 'พัทยา', 0, NULL, NULL, NULL, NULL),
(135, 34, 0, 2045, 0, '2017-09-20 05:00:00', '2017-09-20 15:00:00', 'ดอนหอยหลอด', 0, '', NULL, NULL, NULL),
(136, 38, 0, 3333, 0, '2017-06-06 13:00:00', '2017-06-06 16:00:00', 'แร็คคูนซิตี้', 0, NULL, NULL, NULL, NULL),
(137, 29, 0, 3333, 0, '2017-06-16 13:00:00', '2017-06-17 16:00:00', 'วิทยาลัยสารพัดช่างพระนคร', 0, NULL, NULL, NULL, NULL),
(138, 41, 0, 1234, 0, '2017-07-08 15:00:00', '2017-07-08 20:00:00', 'ยโสธร', 0, NULL, NULL, NULL, NULL),
(139, 37, 0, 3333, 0, '2017-07-22 01:00:00', '2017-07-22 03:00:00', 'ราชบุรี', 0, NULL, NULL, NULL, NULL),
(141, 31, 22, 1234, 0, '2017-07-01 07:00:00', '2017-07-01 13:00:00', 'บางนา', 0, NULL, NULL, NULL, NULL),
(144, 36, 0, 0, 3, '2017-07-29 01:00:00', '2017-07-29 04:00:00', 'บางรักซอยเก้า', 0, '', NULL, NULL, NULL),
(145, 41, 0, 2045, 0, '2017-07-14 13:00:00', '2017-07-17 17:00:00', 'ลาดพร้าว', 0, NULL, NULL, NULL, NULL),
(147, 36, 0, 1234, 0, '2017-07-02 13:00:00', '2017-07-02 15:00:00', 'รามคำแหง', 0, NULL, NULL, NULL, NULL),
(149, 41, 0, 0, 0, '2017-06-07 13:00:00', '2017-06-07 17:00:00', 'สยาม', 0, NULL, NULL, NULL, NULL),
(150, 38, 0, 2045, 0, '2017-06-13 13:00:00', '2017-06-13 17:00:00', 'บางมด', 0, NULL, NULL, NULL, NULL),
(151, 34, 0, 1234, 0, '2017-07-11 07:00:00', '2017-07-11 11:00:00', 'บางขุนเทียน', 0, NULL, NULL, NULL, NULL),
(153, 33, 0, 0, 0, '2017-05-24 13:00:00', '2017-05-24 15:00:00', 'นนทบุรี', 0, NULL, NULL, NULL, NULL),
(154, 31, 0, 1234, 0, '2017-03-01 01:00:00', '2017-03-01 04:00:00', 'กาญจนบุรี', 0, NULL, NULL, NULL, NULL),
(155, 35, 0, 3333, 0, '2017-03-09 13:00:00', '2017-03-10 16:00:00', 'สุพรรณบุรี', 0, NULL, NULL, NULL, NULL),
(156, 34, 0, 3333, 0, '2017-08-02 01:00:00', '2017-08-03 01:00:00', 'ศูนย์วัฒนธรรมแห่งประเทศไทย', 0, NULL, NULL, NULL, NULL),
(157, 33, 0, 3333, 0, '2017-07-09 13:00:00', '2017-07-09 18:00:00', 'เอสพลานาด รัชดา', 0, NULL, NULL, NULL, NULL),
(158, 41, 0, 3333, 0, '2017-07-23 08:00:00', '2017-07-23 14:00:00', 'เซ็นทรัล พระรามเก้า', 0, NULL, NULL, NULL, NULL),
(159, 35, 0, 3333, 0, '2017-08-20 13:00:00', '2017-08-21 16:00:00', 'วัดพุทธ', 0, NULL, NULL, NULL, NULL),
(160, 31, 0, 0, 0, '2017-08-14 08:30:00', '2017-08-14 16:00:00', 'สวนผัก', 0, '', NULL, NULL, NULL),
(178, 31, 0, 3333, 0, '2017-08-08 13:00:00', '2017-08-09 17:00:00', 'เพชรบูรณ์', 0, NULL, NULL, NULL, NULL),
(179, 31, 0, 3333, 0, '2017-08-19 13:00:00', '2017-08-19 14:00:00', 'อุดรธานี', 0, NULL, NULL, NULL, NULL),
(195, 37, 0, 0, 0, '2017-08-25 23:34:00', '2017-08-26 23:00:00', 'ร้อยเอ็ด', 0, '085-6663333', NULL, NULL, NULL),
(198, 31, 0, 0, 0, '2017-08-25 09:00:00', '2017-08-25 13:00:00', 'เกาะพูดได้', 0, '0903948392', NULL, NULL, NULL),
(199, 31, 0, 0, 0, '2017-08-28 08:00:00', '2017-08-28 15:00:00', 'กลูดิโอ', 0, '083-9999999', NULL, NULL, NULL),
(204, 35, 0, 0, 0, '2017-09-14 05:00:00', '2017-09-14 14:00:00', 'อุทัยธานี', 0, '013-8532020', NULL, NULL, NULL),
(206, 37, 5500, 0, 0, '2017-09-01 09:30:00', '2017-09-01 15:30:00', 'ดิออน', 0, '096-9596650', NULL, NULL, NULL),
(207, 36, 0, 0, 0, '2017-09-01 12:00:00', '2017-09-01 14:00:00', 'กีรัน', 0, '089-9590020', NULL, NULL, NULL),
(208, 31, 22, 2045, 0, '2017-09-25 10:00:00', '2017-09-25 17:00:00', 'มหิดล', 0, '084-3321521', NULL, NULL, NULL),
(209, 41, 0, 3333, 0, '2017-09-16 10:00:00', '2017-09-16 21:00:00', 'นครปฐม', 0, '096-0012035', NULL, NULL, NULL),
(211, 29, 0, 0, 0, '2017-08-30 10:30:00', '2017-08-30 14:30:00', 'สวนสยาม ทะเลกรุงเทพ', 0, '0898877854', NULL, NULL, NULL),
(212, 29, 0, 0, 0, '2017-08-26 09:00:00', '2017-08-26 20:00:00', 'มหาลัย', 0, '0867775555', NULL, NULL, NULL),
(213, 39, 0, 0, 0, '2017-08-26 17:00:00', '2017-08-26 22:00:00', 'อาเดน', 0, '087-5501285', NULL, NULL, NULL),
(215, 40, 0, 3333, 0, '2017-08-26 17:00:00', '2017-08-26 23:00:00', 'ท้องฟ้าจำลอง', 0, '084-0012502', NULL, NULL, NULL),
(216, 29, 0, 3333, 0, '2017-08-26 17:00:00', '2017-08-26 20:00:00', 'อินดี้บาร์', 0, '084-6320581', NULL, NULL, NULL),
(217, 29, 0, 3333, 0, '2017-09-27 10:00:00', '2017-09-27 15:00:00', 'ปรีดานมสด', 0, '087-8520258', NULL, NULL, NULL),
(219, 36, 0, 0, 0, '2017-09-10 08:00:00', '2017-09-10 17:00:00', 'เล้าไก่', 0, '089-9999999', NULL, NULL, NULL),
(221, 39, 22, 2045, 0, '2017-09-26 13:00:00', '2017-09-26 21:00:00', 'เทศกาลดนตรี บิ๊กเมาท์เท่น', 0, '096-3652365', NULL, NULL, NULL),
(224, 29, 0, 3333, 0, '2017-09-12 13:00:00', '2017-09-12 22:00:00', 'ตลาดหลักทรัพย์แห่งประเทศไทย', 0, '02222222222', NULL, NULL, NULL),
(226, 36, 0, 3333, 0, '2017-08-28 08:00:00', '2017-08-28 15:00:00', 'โรงพยาบาลเปาโล', 0, '0295632522', NULL, NULL, NULL),
(227, 29, 0, 3333, 0, '2017-08-28 11:00:00', '2017-08-28 21:00:00', 'สวนน้ำซานโตรินี', 0, '0842125200', NULL, NULL, NULL),
(228, 34, 0, 2045, 0, '2017-08-29 09:00:00', '2017-08-29 16:00:00', 'วัดพระรามเก้า', 0, '089-6325230', NULL, NULL, NULL),
(229, 27, 0, 0, 0, '2017-09-11 07:00:00', '2017-09-11 14:00:00', 'น้ำตกเจ็ดสาวน้อย', 0, '089-9630147', NULL, NULL, NULL),
(231, 38, 22, 2045, 0, '2017-09-21 07:00:00', '2017-09-21 22:00:00', 'บะหมี่นายเงี๊ยบ', 0, '07-9959902', NULL, NULL, NULL),
(232, 39, 0, 2045, 0, '2017-10-09 09:00:00', '2017-10-09 16:00:00', 'โรงเรียนบดินทรเดชา (สิงห์ สิงหเสนี)', 0, '085-9666666', NULL, NULL, NULL),
(233, 39, 0, 2045, 0, '2017-10-11 11:00:00', '2017-10-11 18:00:00', 'สวนสัตว์ดุสิต', 0, '087-9999999', NULL, NULL, NULL),
(234, 27, 0, 0, 0, '2017-10-23 12:00:00', '2017-10-23 20:00:00', 'สำนักงานประกันสังคม', 0, '039-9965201', NULL, NULL, NULL),
(235, 23, 0, 0, 0, '2017-10-07 05:00:00', '2017-10-07 21:00:00', 'กระทรวงการท่องเที่ยวและการกีฬา', 0, '098-3652014', NULL, NULL, NULL),
(237, 37, 0, 3333, 0, '2017-10-19 14:00:00', '2017-10-19 23:00:00', 'โรงพยาบาลยันฮี', 0, '0541203622', NULL, NULL, NULL),
(239, 34, 22, 3333, 0, '2017-10-28 10:00:00', '2017-10-28 21:00:00', 'วัดทดราชเจริญมณีฤทธิ์', 0, '084-9632541', NULL, NULL, NULL),
(240, 41, 0, 3333, 0, '2017-09-28 12:00:00', '2017-09-28 16:00:00', 'มจธ.KX', 0, '0932477773', NULL, NULL, NULL),
(242, 37, 0, 3333, 0, '2017-09-03 07:00:00', '2017-09-03 16:00:00', 'สนามแบดมินตัน เดอะวินเนอร์', 0, '098-3652144', NULL, NULL, NULL),
(243, 38, 0, 0, 0, '2017-09-03 11:00:00', '2017-09-03 20:00:00', 'สวนสนประดิพัทธ์', 0, '089-9630100', NULL, NULL, NULL),
(244, 31, 0, 0, 0, '2017-09-03 06:00:00', '2017-09-03 18:00:00', 'สวนสนุกแฮปปี้แลนด์', 0, '087-9510020', NULL, NULL, NULL),
(245, 30, 0, 0, 0, '2017-09-04 11:00:00', '2017-09-04 21:00:00', 'ร้านรองเท้าหนังงูของเทอร์รี่ ทาร์ซาล', 0, '087-96002010', NULL, NULL, NULL),
(246, 39, 0, 0, 0, '2017-09-04 08:00:00', '2017-09-04 19:00:00', 'บ้านเลขที่สี่ ซอยพรีเว็ท', 0, '084-9630147', NULL, NULL, NULL),
(247, 34, 0, 2045, 0, '2017-09-05 07:00:00', '2017-09-05 16:00:00', 'ตรอกไดแอกอน', 0, '087-8520110', NULL, NULL, NULL),
(248, 33, 0, 2045, 0, '2017-09-06 07:00:00', '2017-09-07 13:00:00', 'ธนาคารกริงกอตส์ สำนักงานใหญ่ ตรอกไดแอกอน', 0, '032-6325110', NULL, NULL, NULL),
(249, 38, 22, 2045, 0, '2017-09-25 16:00:00', '2017-09-26 03:00:00', 'โรงเรียนสตรีโบบาตงซ์', 0, '087-9632202', NULL, NULL, NULL),
(252, 38, 0, 1234, 2, '2017-09-12 04:00:00', '2017-09-13 09:00:00', 'ตลาดบางประกอก', 0, '0984888844', NULL, NULL, NULL),
(257, 29, 0, 3333, 0, '2017-09-09 10:00:00', '2017-09-09 20:00:00', 'ตลาดน้ำสี่ภาค พัทยา', 0, '084-9860214', NULL, NULL, NULL),
(259, 30, 0, 0, 3, '2017-09-13 12:00:00', '2017-09-13 19:00:00', 'เทือกเขาเอเวอร์เรสต์', 0, '089-3203255', NULL, NULL, NULL),
(260, 31, 0, 0, 3, '2017-09-13 07:00:00', '2017-09-13 11:00:00', 'กระเพาะปลาเจ๊หลี เยาวราช', 0, '084-3001002', NULL, NULL, NULL),
(261, 38, 0, 0, 3, '2017-10-08 08:00:00', '2017-10-08 18:00:00', 'บ้านทรายทอง', 0, '084-3620010', NULL, NULL, NULL),
(262, 41, 22, 0, 0, '2017-10-28 15:20:00', '2017-10-28 18:00:00', 'กรมการกงสุล', 0, '084-6320114', NULL, NULL, NULL),
(266, 28, 22, 0, 0, '2017-10-10 04:00:00', '2017-10-10 13:00:00', 'อิมแพคอารีน่า เมืองทองธานี', 1, '087-36302120', '2017-10-10 16:00:00', 123, NULL),
(267, 30, 0, 0, 0, '2017-10-11 10:00:00', '2017-10-11 21:00:00', 'แม่สอด จังหวัดตาก', 0, '084-3652202', NULL, NULL, NULL),
(268, 29, 0, 3333, 4, '2017-10-15 08:00:00', '2017-10-15 14:00:00', 'โรงพยาบาลราชวิถี', 0, '084-3620010', NULL, NULL, NULL),
(270, 29, 0, 0, 0, '2017-09-18 08:00:00', '2017-09-19 18:00:00', 'บ้านนา', 0, '0', NULL, NULL, NULL),
(271, 30, 0, 3333, 4, '2017-09-30 05:00:00', '2017-09-30 19:00:00', 'ไดมารู', 0, '084-3652011', NULL, NULL, NULL),
(272, 23, 0, 3333, 4, '2017-09-29 09:00:00', '2017-09-29 18:00:00', 'สวนส้มนายจันทร์', 0, '084-2301231', NULL, NULL, NULL),
(275, 23, 0, 0, 0, '2017-09-18 08:00:00', '2017-09-19 18:00:00', 'ทดสอบๆๆๆ ทดสอบ', 0, '0848537838', NULL, NULL, NULL),
(277, 27, 22, 0, 0, '2017-09-18 04:00:00', '2017-09-20 18:00:00', 'ทดสอบจองจากหน้า outsidecar', 0, '0986473588', NULL, NULL, NULL),
(279, 30, 0, 3333, 4, '2017-10-09 01:00:00', '2017-10-09 14:00:00', 'บ้านขนมหวานของฮันเซลกับเกรเทล', 0, '074-6320010', NULL, NULL, NULL),
(281, 38, 0, 3333, 4, '2017-11-23 07:00:00', '2017-11-23 18:00:00', 'โรงพยาบาลรามาธิบดี', 0, '084-3652001', NULL, NULL, NULL),
(282, 30, 0, 3333, 4, '2017-09-24 20:00:00', '2017-09-24 22:00:00', 'ฟาร์มปลาไหล', 0, '084-5220120', NULL, NULL, NULL),
(284, 23, 0, 0, 0, '2017-10-17 13:00:00', '2017-10-18 14:00:00', '1234', 0, '05351454', NULL, NULL, NULL),
(285, 27, 0, 1234, 2, '2017-09-26 04:00:00', '2017-09-26 19:00:00', '123', 0, '0000000', NULL, NULL, NULL),
(286, 41, 0, 1234, 2, '2017-09-26 04:00:00', '2017-09-26 19:00:00', '1234', 0, '0000', NULL, NULL, NULL),
(287, 43, 0, 1234, 2, '2017-09-26 04:00:00', '2017-09-26 17:00:00', '123', 0, '123', NULL, NULL, NULL),
(288, 23, 0, 0, 0, '2017-09-26 04:00:00', '2017-09-26 18:00:00', '123', 0, '222222222222', NULL, NULL, NULL),
(290, 30, 22, 0, 0, '2017-10-16 05:00:00', '2017-10-16 10:00:00', 'วัดพุทธ', 0, '093783333', NULL, NULL, NULL),
(292, 27, 22, 0, 0, '2017-10-27 09:00:00', '2017-10-27 15:00:00', 'driver Test', 0, '0893724853', NULL, NULL, NULL),
(297, 38, 22, 0, 0, '2017-11-12 19:40:00', '2017-11-12 21:00:00', 'จ๊ะเอ๋', 0, '0412200200', NULL, NULL, NULL),
(298, 30, 22, 0, 0, '2017-11-18 03:00:00', '2017-11-18 18:00:00', 'ทะเล', 0, '0852222222', NULL, NULL, NULL),
(299, 23, 0, 1234, 0, '2017-11-12 19:33:00', '2017-11-12 22:00:00', 'เขาดิน', 0, '0333333333', NULL, NULL, NULL),
(300, 33, 0, 1234, 2, '2017-11-21 08:00:00', '2017-11-21 15:00:00', 'ผัดไทยป้าแก้ว', 0, '081-6969696', NULL, NULL, NULL),
(304, 30, 5500, 0, 0, '2017-11-03 15:00:00', '2017-11-03 23:00:00', 'งานดีเด 2017', 0, '0844445555', NULL, NULL, NULL),
(305, 34, 22, 3333, 0, '2017-11-17 08:00:00', '2017-11-17 19:00:00', 'บ้านอาจารย์', 0, '084-8886620', NULL, NULL, NULL),
(307, 29, 0, 0, 0, '2017-11-23 10:15:00', '2017-11-17 16:15:00', 'เนเวอร์แลน', 0, '08123456789', NULL, NULL, NULL),
(310, 30, 0, 1234, 2, '2017-11-21 06:00:00', '2017-11-21 22:00:00', 'ดีเดไงจ๊ะ', 0, '0552223366', NULL, NULL, NULL),
(311, 23, 0, 1234, 2, '2017-11-25 04:00:00', '2017-11-25 12:00:00', 'ข้าวมันไก่ป้าสวย', 0, '0302001152', NULL, NULL, NULL),
(312, 40, 0, 1234, 2, '2017-11-28 12:00:00', '2017-11-28 22:00:00', 'เดอะซีน ทาวน์อินทาวน์', 0, '0352241155', NULL, NULL, NULL),
(313, 27, 0, 0, 0, '2017-11-14 05:00:00', '2017-11-14 14:00:00', 'ที่ไหนก็ได้', 0, '0999999999', NULL, NULL, NULL),
(314, 29, 0, 0, 0, '2017-11-30 09:00:00', '2017-11-30 23:00:00', 'บ้านมาย ณ บางนา', 0, '0555555555', NULL, NULL, NULL),
(315, 29, 22, 0, 0, '2017-11-25 04:00:00', '2017-11-25 19:00:00', 'ที่ไหน', 0, '025555555', NULL, NULL, NULL),
(316, 31, 22, 0, 0, '2017-11-19 04:00:00', '2017-11-19 18:00:00', 'อิอิ', 0, '0855555555', NULL, NULL, NULL),
(320, 23, 0, 0, 0, '2017-11-14 04:00:00', '2017-11-14 13:30:00', 'จุฬา', 0, '0322222', NULL, NULL, NULL),
(323, 41, 22, 0, 0, '2017-11-14 12:55:00', '2017-11-15 14:55:00', 'หน้า ม', 0, '0555555', NULL, NULL, NULL),
(333, 38, 22, 0, 0, '2017-11-13 16:00:00', '2017-11-13 22:00:00', 'เชียงใหม่', 0, '05115845', NULL, NULL, NULL),
(334, 45, 22, 0, 0, '2017-11-14 07:00:00', '2017-11-14 12:00:00', 'บางขุนเทียน', 0, '021222222', NULL, NULL, NULL),
(335, 45, 0, 0, 0, '2017-11-14 13:00:00', '2017-11-14 22:00:00', 'บางขุนเทียน', 0, '02222222', NULL, NULL, NULL);

-- --------------------------------------------------------

--
-- Table structure for table `Department`
--

CREATE TABLE `Department` (
  `depID` int(11) NOT NULL,
  `department` varchar(200) NOT NULL
) ENGINE=InnoDB DEFAULT CHARSET=utf8;

--
-- Dumping data for table `Department`
--

INSERT INTO `Department` (`depID`, `department`) VALUES
(0, 'International Relation'),
(1, 'เลขานุการผู้บริหาร'),
(2, 'สำนักงานบริหารอาคารและสถานที่'),
(3, 'สำนักงานคลัง'),
(4, 'สำนักงานอำนวยการ');

-- --------------------------------------------------------

--
-- Table structure for table `hirecar`
--

CREATE TABLE `hirecar` (
  `HireId` int(11) NOT NULL,
  `Reserver` int(11) NOT NULL,
  `depID` int(11) NOT NULL,
  `CarTypeId` int(200) NOT NULL,
  `StartDate` datetime NOT NULL,
  `EndDate` datetime NOT NULL,
  `place` varchar(200) NOT NULL,
  `Tel` varchar(15) NOT NULL,
  `reason` varchar(200) NOT NULL,
  `Cost` int(50) NOT NULL DEFAULT '0',
  `PlateLicense` varchar(9) NOT NULL DEFAULT ' '
) ENGINE=InnoDB DEFAULT CHARSET=utf8;

--
-- Dumping data for table `hirecar`
--

INSERT INTO `hirecar` (`HireId`, `Reserver`, `depID`, `CarTypeId`, `StartDate`, `EndDate`, `place`, `Tel`, `reason`, `Cost`, `PlateLicense`) VALUES
(1, 0, 0, 1, '2017-09-22 04:00:00', '2017-09-22 15:00:00', 'วัดพุทธ', '086575788', 'ไม่บอก', 250, 'พพ 9563'),
(2, 0, 0, 1, '2017-09-23 04:00:00', '2017-09-23 09:00:00', 'บางปะแก้ว', '0837567463', 'ไม่บอกกกกกกกกกก', 520, 'กก 1235'),
(4, 0, 0, 1, '2017-09-16 04:00:00', '2017-09-16 05:00:00', 'บางแค', '0966666666', 'อิอิ', 74, 'ลล 9852'),
(5, 0, 0, 1, '2017-09-18 08:00:00', '2017-09-18 18:00:00', 'จุฬาลงกรณ์มหาวิทยาลัย', '850020120', 'อยากไป ทำไมอ่ะ', 30, 'มม 8620'),
(6, 0, 0, 1, '2017-09-17 04:00:00', '2017-09-18 09:45:00', 'ห้องอาจารย์พิเชษฏ์', '850123046', 'ขอลายเซ็น', 50, 'ปป 8888'),
(7, 0, 0, 1, '2017-10-31 16:05:00', '2017-10-31 18:00:00', 'สวนนงนุช พัทยา', '0329578833', 'Test', 10, 'จจ 5555'),
(8, 0, 0, 1, '2017-11-01 00:10:00', '2017-11-01 01:30:00', 'บ้านเลขที่สี่ ซอยพรีเว็ท', '55521340', '555555', 44, 'ดด 4444'),
(9, 0, 0, 1, '2017-11-01 14:00:00', '2017-11-01 18:00:00', 'บ้าน', '0522222', 'ที่ไหนก็ได้', 800, 'กก 1235'),
(10, 0, 0, 3, '2017-11-27 08:00:00', '2017-11-27 14:00:00', 'ชิงช้าสวรรค์งานวัด', '0222222222', 'ไปเล่นชิงช้า', 1400, 'ดล 9633'),
(11, 1234, 2, 1, '2017-11-01 22:50:00', '2017-11-01 23:50:00', 'uniliver', '012344120', 'ว่าง', 499, 'จบ 2560'),
(12, 0, 0, 1, '2017-11-04 04:00:00', '2017-11-04 05:00:00', 'บางมด', '0384934843', 'อิอิอิ', 0, ' '),
(13, 2045, 3, 1, '2017-11-03 01:20:00', '2017-11-03 06:00:00', 'Test user', '039489293', 'test', 0, ' '),
(14, 1234, 2, 3, '2017-11-04 04:00:00', '2017-11-04 18:00:00', 'วิหารแมวกินปลา', '084-666220', 'ไมโครบัส ม ไม่ยอมให้แมวขึ้นรถ', 2500, '75 1218'),
(15, 0, 0, 1, '2017-11-15 04:00:00', '2017-11-15 14:00:00', 'ซัมแวร์', '0585555', 'ถูกกว่า', 0, ' '),
(16, 0, 0, 1, '2017-11-20 04:00:00', '2017-11-20 15:00:00', 'ตาก', '055555', 'ถูกอ่ะ', 0, ' '),
(17, 0, 0, 1, '2017-11-13 13:25:00', '2017-11-14 14:00:00', 'อิอิ', '06565656', 'ถูกกว่าา', 0, ' '),
(18, 0, 0, 1, '2017-11-15 04:00:00', '2017-11-15 11:00:00', 'บ้านแมว', '05111111', 'ถูกกว่ามากๆ', 300, 'ทท 5123'),
(19, 0, 0, 1, '2017-11-15 14:00:00', '2017-11-15 18:00:00', 'บ้านอาจารย์ไพรสัณฑ์', '05222222', 'จะไป', 0, ' '),
(20, 0, 0, 1, '2017-11-15 01:00:00', '2017-11-15 11:00:00', 'บางขุนเทียน', '0655545544', 'ถูก', 0, ' '),
(21, 0, 0, 1, '2017-11-15 04:00:00', '2017-11-15 11:00:00', 'สีลม', '08452222', 'ถูกอ่ะ', 350, 'ทท 1234');

-- --------------------------------------------------------

--
-- Table structure for table `previousreservation`
--

CREATE TABLE `previousreservation` (
  `StatusId` int(11) NOT NULL,
  `CarId` int(11) NOT NULL,
  `DriverId` int(11) NOT NULL,
  `EmployeeCode` int(11) NOT NULL,
  `depId` int(11) NOT NULL,
  `StartDate` datetime NOT NULL,
  `EndDate` datetime NOT NULL,
  `Place` varchar(200) NOT NULL,
  `TotalCost` decimal(6,2) DEFAULT NULL,
  `Departure` datetime DEFAULT NULL,
  `Arrival` datetime DEFAULT NULL,
  `CarMilesStart` int(6) DEFAULT NULL,
  `CarMilesEnd` int(6) DEFAULT NULL,
  `Remark` text
) ENGINE=InnoDB DEFAULT CHARSET=utf8;

--
-- Dumping data for table `previousreservation`
--

INSERT INTO `previousreservation` (`StatusId`, `CarId`, `DriverId`, `EmployeeCode`, `depId`, `StartDate`, `EndDate`, `Place`, `TotalCost`, `Departure`, `Arrival`, `CarMilesStart`, `CarMilesEnd`, `Remark`) VALUES
(134, 34, 22, 3333, 0, '2017-06-16 13:00:00', '2017-06-17 13:00:00', 'เพชรบุรี', NULL, '2017-10-10 08:00:00', '2017-10-10 17:00:00', 500, 523, NULL),
(251, 28, 9663, 2045, 2, '2017-09-03 08:00:00', '2017-09-03 19:00:00', 'ชานชาลาที่เก้าเศษสามส่วนสี่', NULL, '2017-09-08 07:00:00', '2017-09-08 16:00:00', 5555, 3, NULL),
(255, 28, 9663, 3333, 0, '2017-09-09 07:00:00', '2017-09-09 14:00:00', 'วงเวียนใหญ่', NULL, '2017-09-09 06:30:00', '2017-09-09 19:00:00', 20, 203, NULL),
(256, 41, 9663, 3333, 0, '2017-09-09 07:00:00', '2017-09-09 19:00:00', 'อนุบาลหมีน้อย', NULL, '2017-09-09 08:00:00', '2017-09-09 15:00:00', 5, 99, NULL),
(258, 28, 9663, 0, 3, '2017-09-13 09:00:00', '2017-09-13 14:00:00', 'บิ๊กซี', NULL, '2017-09-13 12:00:00', '2017-09-13 22:00:00', 200, 500, NULL),
(278, 41, 22, 0, 0, '2017-10-31 16:05:00', '2017-10-31 17:00:00', 'โชคดีมีชัย โชคชัยมีวัว', NULL, '2017-10-31 16:06:00', '2017-10-31 16:06:00', 17628384, 3728643, NULL),
(280, 27, 22, 3333, 0, '2017-10-31 17:10:00', '2017-10-31 19:00:00', 'จอร์จทาวน์ อคาเดมี่', NULL, '2017-10-31 17:02:00', '2017-10-31 17:03:00', 17567453, 1927483, NULL),
(283, 23, 22, 2045, 0, '2017-11-03 05:00:00', '2017-11-03 10:00:00', 'สถาบันเทคโนโลยีพระจอมเกล้าเจ้าคุณทหารลาดกระบัง', NULL, '2017-11-03 04:37:00', '2017-11-03 10:53:00', 1823637, 1823637, NULL),
(289, 23, 22, 0, 0, '2017-11-01 16:00:00', '2017-11-01 17:00:00', 'testtttt', NULL, '2017-11-01 07:39:00', '2017-11-01 10:19:00', 1873864, 555555, NULL),
(293, 64, 22, 0, 0, '2017-10-31 01:00:00', '2017-10-31 05:00:00', 'วังศิลาขาว', NULL, '2017-10-31 13:48:00', '2017-10-31 13:49:00', 1873846, 2174882, NULL),
(294, 29, 22, 1234, 0, '2017-10-31 09:00:00', '2017-10-31 15:00:00', 'วังบางกะปิ', NULL, '2017-10-31 09:00:00', '2017-10-31 04:53:00', 124321, 124783, NULL),
(295, 34, 22, 1234, 0, '2017-11-03 13:00:00', '2017-11-03 14:00:00', 'จานบินธรรมกาย', NULL, '2017-11-02 05:06:00', '2017-11-03 04:36:00', 1826364, 1826367, NULL),
(296, 35, 22, 1234, 0, '2017-10-31 09:00:00', '2017-10-31 18:00:00', 'วัดท่าไม้', NULL, '2017-10-31 13:54:00', '2017-10-31 16:05:00', 1826171, 187843, NULL),
(301, 41, 22, 0, 0, '2017-11-03 11:25:00', '2017-11-03 09:56:00', 'it', NULL, '2017-11-03 11:00:00', '2017-11-03 11:43:00', 55555, 55555, NULL),
(302, 31, 22, 1234, 0, '2017-11-03 12:00:00', '2017-11-03 19:00:00', 'บ้าน', NULL, '2017-11-03 11:44:00', '2017-11-03 11:51:00', 420, 420, NULL),
(303, 38, 22, 0, 0, '2017-11-03 12:35:00', '2017-11-03 22:00:00', 'แลปข้างลิฟต์ กุได้ดีเดย์', NULL, '2017-11-03 11:59:00', '2017-11-03 11:59:00', 500, 2000, NULL),
(306, 38, 22, 0, 0, '2017-11-11 02:37:00', '2017-11-12 04:00:00', 'ไร่สร้างสุข', NULL, '2017-11-09 20:49:00', '2017-11-12 00:46:00', 500, 500, NULL),
(309, 36, 22, 1234, 0, '2017-11-13 10:00:00', '2017-11-13 17:00:00', 'ห้องสมุด', NULL, '2017-11-13 10:32:00', '2017-11-13 10:43:00', 5000, 5300, NULL),
(317, 36, 22, 0, 0, '2017-11-13 13:00:00', '2017-11-13 19:00:00', 'บ้านสีแดง', NULL, '2017-11-13 10:52:00', '2017-11-13 10:53:00', 500, 599, NULL),
(318, 37, 22, 0, 0, '2017-11-13 12:00:00', '2017-11-13 19:00:00', 'แม่สอด จังหวัดตรัง', NULL, '2017-11-13 10:25:00', '2017-11-13 10:59:00', 600, 630, NULL),
(319, 33, 22, 0, 0, '2017-11-13 12:00:00', '2017-11-13 23:00:00', 'กรุงเทพ', NULL, '2017-11-13 11:30:00', '2017-11-13 11:08:00', 300, 390, NULL),
(321, 37, 22, 1234, 0, '2017-11-13 11:35:00', '2017-11-13 19:00:00', 'ชุมพร', NULL, '2017-11-13 11:55:00', '2017-11-13 11:37:00', 800, 890, NULL),
(322, 23, 22, 0, 0, '2017-11-13 12:00:00', '2017-11-13 22:00:00', 'ทะเล ภูเก็ต พีพี เกาหลี ญป', NULL, '2017-11-13 12:00:00', '2017-11-13 11:59:00', 8000, 8520, NULL),
(324, 37, 22, 0, 0, '2017-11-13 12:25:00', '2017-11-13 19:00:00', 'ไปไหนก็ๆได้นะจ๊ะ', NULL, '2017-11-13 12:30:00', '2017-11-13 12:27:00', 950, 999, NULL),
(325, 37, 22, 0, 0, '2017-11-13 16:00:00', '2017-11-13 22:00:00', 'เชียงใหม่\r\n', NULL, '2017-11-13 15:00:00', '2017-11-13 12:38:00', 8451, 84899, NULL),
(326, 38, 22, 0, 0, '2017-11-13 13:50:00', '2017-11-13 18:00:00', 'พารากอน', NULL, '2017-11-13 13:05:00', '2017-11-13 12:44:00', 8500, 8509, NULL),
(327, 38, 22, 0, 0, '2017-11-13 12:52:00', '2017-11-13 18:00:00', 'แล้วแต่่', NULL, '2017-11-13 13:30:00', '2017-11-13 12:54:00', 8555555, 855999, NULL),
(328, 37, 22, 1234, 0, '2017-11-13 13:15:00', '2017-11-13 23:00:00', 'เซ.้นทรัล', NULL, '2017-11-13 13:30:00', '2017-11-13 13:16:00', 89898, 899999, NULL),
(330, 36, 22, 0, 0, '2017-11-13 15:00:00', '2017-11-13 22:00:00', 'สามแยก', NULL, '2017-11-13 14:05:00', '2017-11-13 14:27:00', 9560, 9599, NULL),
(331, 33, 5500, 0, 0, '2017-11-13 15:00:00', '2017-11-13 23:00:00', 'หัวหิน', NULL, '2017-11-13 14:10:00', '2017-11-13 14:53:00', 8555, 8599, NULL),
(332, 38, 22, 0, 0, '2017-11-13 16:00:00', '2017-11-13 19:00:00', 'ใส่ไรก้ได้', NULL, '2017-11-13 15:16:00', '2017-11-13 15:17:00', 95321, 95399, NULL),
(336, 40, 5500, 0, 0, '2017-11-13 16:00:00', '2017-11-13 19:00:00', 'ชิดลม', NULL, '2017-11-13 15:54:00', '2017-11-13 15:55:00', 8452, 8499, NULL);

-- --------------------------------------------------------

--
-- Table structure for table `transaction`
--

CREATE TABLE `transaction` (
  `TransactionId` int(11) NOT NULL,
  `ReserveID` int(11) NOT NULL,
  `TransactionTypeId` int(11) NOT NULL,
  `Note` text NOT NULL
) ENGINE=InnoDB DEFAULT CHARSET=utf8;

--
-- Dumping data for table `transaction`
--

INSERT INTO `transaction` (`TransactionId`, `ReserveID`, `TransactionTypeId`, `Note`) VALUES
(1, 289, 1, 'รถชน'),
(2, 289, 2, 'TEST รถเสีย'),
(3, 289, 1, '1'),
(4, 289, 1, '11'),
(5, 289, 1, '12'),
(6, 289, 1, '13'),
(7, 295, 1, '55555'),
(8, 283, 1, 'อิอิ'),
(9, 283, 1, 'รถชน ตายยกคัน'),
(10, 301, 2, ''),
(11, 301, 1, ''),
(12, 301, 1, ''),
(13, 301, 2, 'สาหัสทั้งคัน'),
(14, 303, 1, 'หมากัดกัน'),
(15, 309, 1, 'รถชน'),
(16, 309, 1, 'รถชนอีกที'),
(17, 317, 1, 'รถชน สาหัสมาก'),
(18, 318, 1, 'รถไฟชนเครื่องบิน'),
(19, 318, 1, ''),
(20, 318, 1, ''),
(21, 318, 1, ''),
(22, 318, 1, ''),
(23, 319, 1, 'รถคว่ำ'),
(24, 321, 1, 'น้ำมันหมด'),
(25, 321, 1, 'หมดแล้ว'),
(26, 321, 1, 'หมดดดดดด'),
(27, 322, 1, 'หมาตัดหน้ารถ'),
(28, 325, 1, 'รถคว่ำ ไฟไหม้'),
(29, 326, 1, 'ต้นไม้ล้ม'),
(30, 327, 1, 'นกชนกระจกแตก'),
(31, 328, 1, 'รถชน'),
(32, 330, 1, 'แมวข่วนกระโปรงรถ'),
(33, 331, 1, 'รถเฉี่ยว'),
(34, 336, 1, 'นกขี้ใส่');

-- --------------------------------------------------------

--
-- Table structure for table `transactiontype`
--

CREATE TABLE `transactiontype` (
  `TransactionTypeId` int(11) NOT NULL,
  `TransactionName` varchar(200) NOT NULL
) ENGINE=InnoDB DEFAULT CHARSET=utf8;

--
-- Dumping data for table `transactiontype`
--

INSERT INTO `transactiontype` (`TransactionTypeId`, `TransactionName`) VALUES
(1, 'เกิดอุบัติเหตุ'),
(2, 'รถเสีย'),
(3, 'อื่นๆ');

-- --------------------------------------------------------

--
-- Table structure for table `user`
--

CREATE TABLE `user` (
  `EmployeeCode` int(11) NOT NULL,
  `depID` int(11) NOT NULL,
  `Username` varchar(50) NOT NULL,
  `Password` varchar(50) NOT NULL,
  `Role` varchar(30) NOT NULL,
  `Name` varchar(50) NOT NULL,
  `Email` varchar(200) NOT NULL,
  `Tel` varchar(15) DEFAULT NULL,
  `DriverLicense` int(11) DEFAULT NULL
) ENGINE=InnoDB DEFAULT CHARSET=utf8;

--
-- Dumping data for table `user`
--

INSERT INTO `user` (`EmployeeCode`, `depID`, `Username`, `Password`, `Role`, `Name`, `Email`, `Tel`, `DriverLicense`) VALUES
(0, 0, 'admin', '1234', 'admin', 'เจ้าหน้าที่ ไอที', '', '087-3620011', NULL),
(22, 0, 'driver1', '1234', 'driver', 'คนขับ บรื๊นๆ', 'moo123@kmutt.ac.th', '083-9654701', NULL),
(1234, 2, 'parin.su', '1234', 'user', 'ผู้ใช้ ธรรมดา', '', '084-3620011', NULL),
(2045, 3, 'prayuth.cha', '1234', 'user', 'ผู้ใช้ อีกคน', '', '084-3369951', NULL),
(3333, 4, 'thammy.ho', '3333', 'admin', 'แอดมิน สุดสวย', '', '081-3015570', NULL),
(5500, 1, 'lookate.me', 'aaaa', 'driver', 'ซิ่งกับพี่ มั้ยน้อง', 'lookate.me@kmutt.ac.th', '087-9850010', 2147483647);

--
-- Indexes for dumped tables
--

--
-- Indexes for table `cars`
--
ALTER TABLE `cars`
  ADD PRIMARY KEY (`carId`);

--
-- Indexes for table `cartype`
--
ALTER TABLE `cartype`
  ADD PRIMARY KEY (`CarTypeId`);

--
-- Indexes for table `cost`
--
ALTER TABLE `cost`
  ADD PRIMARY KEY (`CostId`);

--
-- Indexes for table `currentreservation`
--
ALTER TABLE `currentreservation`
  ADD PRIMARY KEY (`CurrentId`);

--
-- Indexes for table `Department`
--
ALTER TABLE `Department`
  ADD PRIMARY KEY (`depID`);

--
-- Indexes for table `hirecar`
--
ALTER TABLE `hirecar`
  ADD PRIMARY KEY (`HireId`);

--
-- Indexes for table `previousreservation`
--
ALTER TABLE `previousreservation`
  ADD PRIMARY KEY (`StatusId`);

--
-- Indexes for table `transaction`
--
ALTER TABLE `transaction`
  ADD PRIMARY KEY (`TransactionId`);

--
-- Indexes for table `transactiontype`
--
ALTER TABLE `transactiontype`
  ADD PRIMARY KEY (`TransactionTypeId`);

--
-- Indexes for table `user`
--
ALTER TABLE `user`
  ADD PRIMARY KEY (`EmployeeCode`);

--
-- AUTO_INCREMENT for dumped tables
--

--
-- AUTO_INCREMENT for table `cars`
--
ALTER TABLE `cars`
  MODIFY `carId` int(11) NOT NULL AUTO_INCREMENT, AUTO_INCREMENT=66;
--
-- AUTO_INCREMENT for table `cartype`
--
ALTER TABLE `cartype`
  MODIFY `CarTypeId` int(200) NOT NULL AUTO_INCREMENT, AUTO_INCREMENT=5;
--
-- AUTO_INCREMENT for table `cost`
--
ALTER TABLE `cost`
  MODIFY `CostId` int(11) NOT NULL AUTO_INCREMENT, AUTO_INCREMENT=5;
--
-- AUTO_INCREMENT for table `currentreservation`
--
ALTER TABLE `currentreservation`
  MODIFY `CurrentId` int(11) NOT NULL AUTO_INCREMENT, AUTO_INCREMENT=337;
--
-- AUTO_INCREMENT for table `Department`
--
ALTER TABLE `Department`
  MODIFY `depID` int(11) NOT NULL AUTO_INCREMENT, AUTO_INCREMENT=5;
--
-- AUTO_INCREMENT for table `hirecar`
--
ALTER TABLE `hirecar`
  MODIFY `HireId` int(11) NOT NULL AUTO_INCREMENT, AUTO_INCREMENT=22;
--
-- AUTO_INCREMENT for table `previousreservation`
--
ALTER TABLE `previousreservation`
  MODIFY `StatusId` int(11) NOT NULL AUTO_INCREMENT, AUTO_INCREMENT=337;
--
-- AUTO_INCREMENT for table `transaction`
--
ALTER TABLE `transaction`
  MODIFY `TransactionId` int(11) NOT NULL AUTO_INCREMENT, AUTO_INCREMENT=35;
--
-- AUTO_INCREMENT for table `transactiontype`
--
ALTER TABLE `transactiontype`
  MODIFY `TransactionTypeId` int(11) NOT NULL AUTO_INCREMENT, AUTO_INCREMENT=4;
/*!40101 SET CHARACTER_SET_CLIENT=@OLD_CHARACTER_SET_CLIENT */;
/*!40101 SET CHARACTER_SET_RESULTS=@OLD_CHARACTER_SET_RESULTS */;
/*!40101 SET COLLATION_CONNECTION=@OLD_COLLATION_CONNECTION */;
